{
  "mr_1ch": {
    "all": 191.77233200073243,
    "air": 203.83872044881184,
    "soft": 142.11031347910563,
    "bone": 560.9824686686198
  },
  "phi_16ch": {
    "all": 176.659042485555,
    "air": 317.5846343358358,
    "soft": 85.96490287780762,
    "bone": 486.4257176717122
  },
  "both_17ch": {
    "all": 165.5621260325114,
    "air": 221.32312933603922,
    "soft": 108.16552232106527,
    "bone": 523.7447784423828
  }
}