{
  "L1": {
    "all": 170.41180136998494,
    "air": 242.79415165583293,
    "soft": 95.68768553733825,
    "bone": 425.0298614501953,
    "lapMAE": 60.92769858042399
  },
  "L1+SSIM(cur)": {
    "all": 172.04017826716105,
    "air": 186.95812598864237,
    "soft": 126.604132715861,
    "bone": 433.4912239074707,
    "lapMAE": 57.89926996231079
  },
  "L1+GDL": {
    "all": 165.4382665316264,
    "air": 192.16778726577758,
    "soft": 103.88799594243368,
    "bone": 495.88122011820474,
    "lapMAE": 55.239571221669515
  },
  "L1+FFL": {
    "all": 181.5294460296631,
    "air": 227.43116804758708,
    "soft": 132.57020295461018,
    "bone": 376.15101000467934,
    "lapMAE": 59.04047999382019
  },
  "boneW-L1": {
    "all": 179.31740916570027,
    "air": 251.87460114161175,
    "soft": 135.75231494903565,
    "bone": 289.55819981892904,
    "lapMAE": 64.54424947102865
  },
  "boneW+GDL": {
    "all": 191.97652492523193,
    "air": 241.53710320790609,
    "soft": 152.52799577713012,
    "bone": 308.3832035064697,
    "lapMAE": 65.25331845283509
  },
  "classify-HU": {
    "all": 172.45815505981446,
    "air": 288.8946882565816,
    "soft": 87.33665170669556,
    "bone": 407.633135732015,
    "lapMAE": 58.16810865402222
  },
  "multitask-bone": {
    "all": 163.7185743967692,
    "air": 243.54959535598755,
    "soft": 87.96620472272237,
    "bone": 437.0909098307292,
    "lapMAE": 58.7610958258311
  }
}