{
  "sharp_phi_in": 1.1872669885804257,
  "sharp_mr_in": 0.006321956496685743,
  "n_in": 900000,
  "n_ood": 780000
}