{
  "E1_HUreg_in": {
    "phi_mr": {
      "mae": 232.26010131835938,
      "mae_air": 340.2126770019531,
      "mae_soft": 151.96987915039062,
      "mae_bone": 597.0526123046875
    },
    "mrctx": {
      "mae": 293.8804016113281,
      "mae_air": 408.505615234375,
      "mae_soft": 192.4091796875,
      "mae_bone": 827.1868896484375
    },
    "phi+mrctx": {
      "mae": 222.29579162597656,
      "mae_air": 298.0166931152344,
      "mae_soft": 150.4050750732422,
      "mae_bone": 618.32958984375
    },
    "phi_mr_mlp": {
      "mae": 138.55104064941406
    },
    "mrctx_mlp": {
      "mae": 133.1545867919922
    }
  },
  "E2_seg_in": {
    "phi_mr": {
      "macroF1": 0.39853438097666666,
      "boneF1": 0.37159734486328483
    },
    "mrctx": {
      "macroF1": 0.21250897532118154,
      "boneF1": 0.199475851740921
    }
  },
  "E3_voidbone_in": {
    "phi_mr": 0.9754422772969599,
    "mrctx": 0.8992674595512762,
    "n_void_bone": 13706,
    "n_void_air": 196363
  },
  "E4_crossmodal_in": {
    "cos_matched": 0.9270935654640198,
    "cos_shuffled": 0.6776441335678101,
    "phi_mr_to_phi_ct_R2": 0.6278844475746155
  },
  "E5_redundancy_in": {
    "mrctx_to_phi_mr_R2": 0.09253484010696411
  },
  "E1_HUreg_ood": {
    "phi_mr": {
      "mae": 232.8889617919922,
      "mae_air": 447.82861328125,
      "mae_soft": 138.3900909423828,
      "mae_bone": 641.445556640625
    },
    "mrctx": {
      "mae": 287.2160339355469,
      "mae_air": 586.9580688476562,
      "mae_soft": 164.0260772705078,
      "mae_bone": 764.5765991210938
    },
    "phi+mrctx": {
      "mae": 233.5005340576172,
      "mae_air": 424.0862121582031,
      "mae_soft": 146.20347595214844,
      "mae_bone": 633.4573364257812
    },
    "phi_mr_mlp": {
      "mae": 153.19383239746094
    },
    "mrctx_mlp": {
      "mae": 166.08030700683594
    }
  },
  "E2_seg_ood": {
    "phi_mr": {
      "macroF1": 0.3312203036423689,
      "boneF1": 0.14540859309182813
    },
    "mrctx": {
      "macroF1": 0.14447544776688603,
      "boneF1": 0.010061374383740818
    }
  },
  "E3_voidbone_ood": {
    "phi_mr": 0.9637361376580176,
    "mrctx": 0.9585097637424669,
    "n_void_bone": 20285,
    "n_void_air": 139241
  },
  "E4_crossmodal_ood": {
    "cos_matched": 0.9381040930747986,
    "cos_shuffled": 0.7188730835914612,
    "phi_mr_to_phi_ct_R2": 0.6519303321838379
  },
  "E5_redundancy_ood": {
    "mrctx_to_phi_mr_R2": 0.07396333664655685
  },
  "spectral_sharpness": {
    "phi": 1.1872669885804257,
    "mr": 0.006321956496685743,
    "ratio": 187.8005628502892
  }
}